{"cameraMode":{"drawMode":0,"name":"Shaded","section":"Shading Mode"},"sceneLighting":true,"audioPlay":false,"sceneViewState":{"m_AlwaysRefresh":false,"showFog":true,"showSkybox":true,"showFlares":true,"showImageEffects":true,"showParticleSystems":true,"showVisualEffectGraphs":true,"m_FxEnabled":true},"in2DMode":false,"pivot":{"x":11.71474838256836,"y":-13.740154266357422,"z":16.88991928100586},"rotation":{"x":0.32586872577667239,"y":0.29317447543144228,"z":-0.10710010677576065,"w":0.8924635648727417},"size":16.706079483032228,"orthographic":false}